,id,lang,created_at,text,author_id
0,1540437098192412673,en,2022-06-24T20:49:58.000Z,"HEY DEV, TAKE THIS SURVEY &amp; WIN $1000
https://t.co/RLKrSgjmK0

 #DataScience #BTC #BigData #Python #Binance #ReactJS #DataScientist #Programming #coding #100DaysofCode #NodeJS #NFTs #oshodi #AsuuStrikeUpdate #breastislife #missionary #Crypto #doggy #MessiìÉµ 
 #PeterObi4President https://t.co/vIRuYBbBmw",822467311361818625
1,1540436965002080256,en,2022-06-24T20:49:27.000Z,"on-page SEO for your WordPress website ranking https://t.co/7TI785fJos 

#MachineLearning #DataScience #Python #AI #100DaysOfCode #IoT #flutter #javascript #Serverless #CyberSecurity #marketing #tech #DeepLearning #topsmmarket #fintech #COVID19  #RPA #IIoT #5G #Fiverr #gig Kane",1452300396966318096
2,1540436882508730370,en,2022-06-24T20:49:07.000Z,"Federal Government Proposes New Law to Regulate Artificial Intelligence Systems - JD Supra

Read more here: https://t.co/P1s3HBd3LT

#ArtificialIntelligence #AI #DataScience #100DaysOfCode #Python #MachineLearning #BigData #DeepLearning #NLP #Robots #IoT",467513287
3,1540436797641019392,und,2022-06-24T20:48:47.000Z,"100+ #Free #DeepLearning #Books 

https://t.co/nt4UiraXOx

#Opensourced #BigData #Analytics #DataScience #IoT #IIoT #PyTorch #Python #RStats #TensorFlow #Java #JavaScript #ReactJS #GoLang #CloudComputing #Serverless #DataScientist #Linux #Books #Programming #Coding #100DaysofCode https://t.co/YsLUvBVhmI",2588345408
4,1540436609400717314,en,2022-06-24T20:48:02.000Z,"#100DaysOfCode  Days 54 and 55 of Angela Yu's 100 days of python completed. I started with the Flask framework, I was introduced to the command line and python decorators, and how to render HTML elements with Flask.",1004826950211457025
5,1540436492367134720,en,2022-06-24T20:47:34.000Z,"‚ö°Ô∏èWhat are the7‚É£Patterns of #AI‚ùì

v/@Forbes | @Khulood_Almani 

#ArtificialIntelligence #DataScience #Bigdata #Analytics #Python #javascript #ML #Programming #AI #VR #MachineLearning #innovation #coding #100DaysOfCode #Fintech #IoT #TensorFlow #womenintech 
#cybersecurity https://t.co/b9rAu5XWrv",99674560
6,1540436437404983296,en,2022-06-24T20:47:21.000Z,I just published Pointless Automation: Dropbox File Downloads With Python https://t.co/c29oe8IN3L #Python #programming #automation #softwaredevelopment #dropbox #100DaysOfCode,1257142074002063360
7,1540435890060902400,en,2022-06-24T20:45:10.000Z,The latest Ryan Dalgleish! https://t.co/55Bs7RqTy6 #python #100daysofcode,1303792433965281281
8,1540435816308146177,en,2022-06-24T20:44:53.000Z,"Basic Types of #MachineLearning 

#DataScience #SQL #Cybersecurity #BigData #Analytics #AI #Python #RStats #TensorFlow #JavaScript #CloudComputing #Serverless #DataScientist #Linux #Programming #Coding #100DaysofCode #NodeJS #golang #NLP #GitHub  #MLOps #webdevelopment https://t.co/IBClt1EPIX",1289860293212995584
9,1540435660795850752,en,2022-06-24T20:44:16.000Z,"We deliver unique work üëî   
 üå∏ DM for value-based services  
 #homework 
 #Case study 
 #100DaysOfCode 
 #Homework 
 #Essaypay 
 #Onlineclass
 #Paper pay 
 #Econometrics
 #Math 
 #python 
 #homework 
 #javascript 
 üêÑ 
 üåî 

 https://t.co/MrEPSqHB5x",1343372118
10,1540435527056474112,en,2022-06-24T20:43:44.000Z,"Just earned the Gold Badge for Python on HackerRank! 
https://t.co/hbXbzAZ4fW 
#100DaysOfCode 
#100daysofcodechallenge",1536820649167138816
11,1540435404599562247,en,2022-06-24T20:43:15.000Z,"100 Days of Code: The Complete #Python Pro #Bootcamp for 2022

Master #Python by building 100 projects in 100 days. Learn data science, automation, build websites, games and apps!

https://t.co/2rhmVBeKQ1

#udemy #online #courses #onlinecourses #100daysofcode #womenwhocode https://t.co/cVaJqQwE0y",134434122
12,1540435324257464320,und,2022-06-24T20:42:55.000Z,"#include 
{#AI #meeting @HMOIndia @sharmarekha #CbiForShikha}
}
#JSPForNewAgePolitics #forex #javascript #bot #AI #CodeNewbie #women #flutter #nft #python #Web3 #cybersecurity #ada #cod #100DaysOfCode #WomenWhoCode #infosec #Genesis #Illuminati #news #dot https://t.co/JyZ4I06dhZ https://t.co/0it0PXkVBx",1413614842104012801
13,1540435287960076288,en,2022-06-24T20:42:47.000Z,configuroweb: No. 2485 programming meme #programmingjoke #code #coding #javascript #python #datascience #programming #programmer #joke #100daysofcode #webdev #webdevelopment #php #java #linux #css #programmingmemes #codinglife #codingpics #programmingjokes ‚Ä¶,1376508061746143243
14,1540434718591795202,und,2022-06-24T20:40:31.000Z,"#Assignmenthelp
#Paper pay 
#python
#homework
#Onlineclass
#Essaypay
#100DaysOfCode
#Econometrics
#Math
#homework
#essaywrite
#Casestudy
#javascript
#Homework
#Philosophy
#WomenWhoCode 
#Assignmentdue
#NodeJS
#essayhelp
#DM #us 
@academics_realcbb https://t.co/Ymu3waqOlE",1473863625429430284
15,1540434618167484418,en,2022-06-24T20:40:07.000Z,"""Every day may not be good, but there's something good in every day.""- Unknown #softwareengineer #javascript #python #C++ #golang #nodejs #reactjs #stockopertor #highgrowthstocks $SPX $QQQ $RUT $VIX #canslim #100DaysOfCode",1243665419501744133
16,1540434267192397824,en,2022-06-24T20:38:43.000Z,"#Essay due
#Pay write
#javascript
#Online class take
#Philosophy 
#Chemistry
#Literature
#Calculus1,2
#Biology
#Python
#Nursing
#psychology
#Essayhelp
#Essay
#Essaypay
#100DaysOfCode
#WomenWhoCode
#Java
#Linux.
#Mathlabhf https://t.co/NZQKTTJqe1",1473863625429430284
17,1540434096635187201,en,2022-06-24T20:38:03.000Z,"Generative Deep Learning. #BigData #Analytics #DataScience #AI #MachineLearning #IoT #IIoT #PyTorch #Python #RStats #TensorFlow #Java #JavaScript #ReactJS #GoLang #CloudComputing #Serverless #DataScientist #Linux #Books #Programming #Coding #100DaysofCode 
https://t.co/2J1FEsIFNS https://t.co/Z7pmaauh2L",4263007693
18,1540434047762960384,und,2022-06-24T20:37:51.000Z,"#include 
{#AI #meeting @HMOIndia #CbiForShikha}
}
#JSPForNewAgePolitics #forex #javascript #bot #AI #CodeNewbie #women #flutter #nft #python #Web3 #cybersecurity #ada #cod #100DaysOfCode #Microsoft #WomenWhoCode #infosec #Genesis #Illuminati #news #dot https://t.co/JyZ4I06dhZ https://t.co/eX9vqslt0n",1413614842104012801
19,1540433709752631296,en,2022-06-24T20:36:30.000Z,"#include 
{#AI @HMOIndia we need #meeting to get #CbiForShikha}

#JSPForNewAgePolitics #forex #javascript #bot #AI #Website #CodeNewbie #women #flutter #nft #python #Web3 #cybersecurity #ada #cod #100DaysOfCode #Microsoft #WomenWhoCode #infosec #Genesis #Illuminati #news #dot #ro https://t.co/qYiG8wfCl7",1413614842104012801
20,1540433678550958080,en,2022-06-24T20:36:23.000Z,"Flash Sale..!! Buy Verified PayPal Accounts At low price
https://t.co/vN1tKKGALD
üá∫üá∏üá∫üá∏üá∫üá∏üá∫üá∏

#MachineLearning  #DataScience #5G #100DaysOfCode #Python #Cybersecurity #seosmmshop #BigData #AI #IoT #DeepLearning #ArtificialIntelligence #NLP #robots 
#Industry40 #tech #DEVCommunity https://t.co/jhhrhA7F3f",1528078216719572992
21,1540433625807593472,en,2022-06-24T20:36:10.000Z,"Free eBook: Bayesian Methods for Hackers. #BigData #Analytics #DataScience #AI #MachineLearning #CyberSecurity #IoT #IIoT #Python #RStats #TensorFlow #JavaScript #ReactJS #CloudComputing #Serverless #Linux #Books #Statistics #Programming #100DaysofCode 
https://t.co/VBBrcECtZd https://t.co/YJ94UcvQmL",2588345408
22,1540432664364081154,en,2022-06-24T20:32:21.000Z,"Buy Youtube Subscribers
https://t.co/iQcGEtMaLF
#buyyoutubesubscribers #Youtubesubscribers #writerslift #WritersCommunity #readingcommunity
#readingforpleasure #author #KindleUnlimited #TwitchDoBetter #100DaysOfCode
#javascript #webdevelopment #html #CSS3 #WomenWhoCode #Python #D https://t.co/gM8pcNoLjX",1467832937768898564
23,1540432371832479746,en,2022-06-24T20:31:11.000Z,"HEY DEV, TAKE THIS SURVEY &amp; WIN THIS
https://t.co/RLKrSgjmK0

 #DataScience #BTC #BigData #Python #Binance #ReactJS #DataScientist #Programming #coding #100DaysofCode #NodeJS #NFTs #oshodi #AsuuStrikeUpdate #breastislife #missionary #Crypto #doggy #MessiìÉµ 
 #PeterObi4President https://t.co/isTYSEl4Kx",822467311361818625
24,1540432034291671042,en,2022-06-24T20:29:51.000Z,"HEY DEV, TAKE THIS SURVEY &amp; WIN THIS
https://t.co/RLKrSgjmK0

 #DataScience #BTC #BigData #Python #Binance #ReactJS #DataScientist #Programming #coding #100DaysofCode #NodeJS #NFTs #oshodi #AsuuStrikeUpdate #breastislife #missionary #Crypto #doggy #MessiìÉµ 
 #PeterObi4President https://t.co/TuYrBUT6q4",822467311361818625
25,1540431848588955648,en,2022-06-24T20:29:07.000Z,"HEY DEV, TAKE THIS SURVEY &amp; WIN THIS
https://t.co/RLKrSgjmK0

 #DataScience #BTC #BigData #Python #Binance #ReactJS #DataScientist #Programming #coding #100DaysofCode #NodeJS #NFTs #oshodi #AsuuStrikeUpdate #breastislife #missionary #Crypto #doggy #MessiìÉµ 
 #PeterObi4President https://t.co/NXajgxj6JS",822467311361818625
26,1540431442609577989,en,2022-06-24T20:27:30.000Z,"HEY DEV, TAKE THIS SURVEY &amp; WIN THIS
https://t.co/RLKrSgjmK0

 #DataScience #BTC #BigData #Python #Binance #ReactJS #DataScientist #Programming #coding #100DaysofCode #NodeJS #NFTs #oshodi #AsuuStrikeUpdate #breastislife #missionary #Crypto #doggy #MessiìÉµ 
 #PeterObi4President https://t.co/epw5JkSxz2",822467311361818625
27,1540431440965521409,qme,2022-06-24T20:27:30.000Z,#Python #NodeJS #javascripttflx  #Cybersecurity #SEO  #medeepakjain #learnwithdeepak #javascript  #macOS #100DaysOfCode @PhishFindR #WordPress #webdev https://t.co/SCGyf1hoS2,1199332435701485569
28,1540431413190823938,tl,2022-06-24T20:27:23.000Z,"Big Data
 #BigData #Analytics #DataScience #AI #IoT #IIoT #PyTorch #Python #RStats #TensorFlow #Java #JavaScript #ReactJS #GoLang #CloudComputing #Serverless #DataScientist #Linux #Programming #Coding #100DaysofCode #SQL #NLP #blockchain #Node #CyberSecurity https://t.co/pAREsnRy80",1193120599247224832
29,1540431233053822978,en,2022-06-24T20:26:40.000Z,"HEY DEV, TAKE THIS SURVEY &amp; WIN THIS
https://t.co/RLKrSgjmK0

 #DataScience #BTC #BigData #Python #Binance #ReactJS #DataScientist #Programming #coding #100DaysofCode #NodeJS #NFTs #oshodi #AsuuStrikeUpdate #breastislife #missionary #Crypto #doggy #MessiìÉµ 
 #PeterObi4President https://t.co/WpEPRQz265",822467311361818625
30,1540431112748646402,en,2022-06-24T20:26:11.000Z,"HEY DEV, TAKE THIS SURVEY &amp; WIN THIS
https://t.co/RLKrSgjmK0

 #DataScience #BTC #BigData #Python #Binance #ReactJS #DataScientist #Programming #coding #100DaysofCode #NodeJS #NFTs #oshodi #AsuuStrikeUpdate #breastislife #missionary #Crypto #doggy #MessiìÉµ 
 #PeterObi4President https://t.co/FsD13QQ5GA",822467311361818625
31,1540431097380708353,en,2022-06-24T20:26:08.000Z,"Network Analysis in R. #BigData #Analytics #DataScience #AI #MachineLearning #IoT #IIoT #Python #RStats #TensorFlow #Java #JavaScript #ReactJS #GoLang #CloudComputing #Serverless #DataScientist #Linux #Books #Statistics #Programming #Coding #100DaysofCode 
https://t.co/zs2gvaLSsC https://t.co/zJCJkN2RLS",4263007693
32,1540430982360301569,en,2022-06-24T20:25:40.000Z,"HEY DEV, TAKE THIS SURVEY &amp; WIN THIS
https://t.co/RLKrSgjmK0

 #DataScience #BTC #BigData #Python #Binance #ReactJS #DataScientist #Programming #coding #100DaysofCode #NodeJS #NFTs #oshodi #AsuuStrikeUpdate #breastislife #missionary #Crypto #doggy #MessiìÉµ 
 #PeterObi4President https://t.co/Zo8L4HYD4z",822467311361818625
33,1540430897228439552,en,2022-06-24T20:25:20.000Z,"HEY DEV, TAKE THIS SURVEY &amp; WIN THIS
https://t.co/RLKrSgjmK0

 #DataScience #BTC #BigData #Python #Binance #ReactJS #DataScientist #Programming #coding #100DaysofCode #NodeJS #NFTs #oshodi #AsuuStrikeUpdate #breastislife #missionary #Crypto #doggy #MessiìÉµ 
 #PeterObi4President https://t.co/2qvNL774iz",822467311361818625
34,1540430805045981184,en,2022-06-24T20:24:58.000Z,"Buy Twitter Followers
https://t.co/k9zE1QvFPg
#buytwitterfollowers #twitterfollowers
#MachineLearning #DataScience #5G #100DaysOfCode #Python #Cybersecurity
#uniquesservice1 #BigData #AI #IoT #DeepLearning #ArtificialIntelligence #NLP #robots
#Industry40 #tech #DEVCommunity #yelp https://t.co/HIMpCknDIW",1467832937768898564
35,1540430410638757889,en,2022-06-24T20:23:24.000Z,"#include 
{#AI @hrw @HMOIndia we need #meeting}
}
#forex #javascript #bot #AI #Website #CodeNewbie #women #flutter #nft #python #Web3 #cybersecurity #ada #cod #100DaysOfCode #Microsoft #WomenWhoCode #infosec #Illuminati #news #dot https://t.co/JyZ4I06dhZ
https://t.co/S6bPHIbG1p",1413614842104012801
36,1540430259925012487,es,2022-06-24T20:22:48.000Z,"Google Ads y Facebook Ads desde cero
üëá
https://t.co/eQ5qVyxxFs

#creativecoding #coding #css #React #Javascript   #blender3d #python #Java #100DaysOfCode #gamedev #openSource #dataScience #CloudComputing #animation #cinema4d #ads #googleads #marketing
https://t.co/YvPF1cNEUJ",910879843054751744
37,1540430223107309571,en,2022-06-24T20:22:39.000Z,"2D Animation in After Effects from scratch
üëá
https://t.co/pwTBv61G70

#creativecoding #coding #css #React #Javascript #AfterEffects #blender3d #python #Java #100DaysOfCode #gamedev #openSource #dataScience #CloudComputing #animation #cinema4d https://t.co/tbIsassCO4",910879843054751744
38,1540430075358748678,en,2022-06-24T20:22:04.000Z,"Day 10 of #100daysofcode #100daysofcodechallenge 
Followed django documentation,and built a basic polls application
#ingressive4Good
#Python https://t.co/35VXquGdSx",1457823165867040776
39,1540428675367182338,en,2022-06-24T20:16:30.000Z,"Kindly DM the experts for your:
#Paper pay 
#Case study
python
#homework
Onlineclass
#Essaypay
#100DaysOfCode
#Econometrics
Math
#Philosophy
#WomenWhoCode 
Assignment due
#DEVCommunity 
#NodeJS
DM @tutor720",1324419772893810693
40,1540428636011909120,en,2022-06-24T20:16:21.000Z,"Buy Instagram Followers
https://t.co/zojWoc3rS2
#buyinstagramfollowers #buyinstagramlikes #instagramfollowersbuy #100Daysofcode #programming #CodeNewbie #python #DataScience #gamedev #BigData
#Coding #DataScience #MachineLearning #NeuralNetworks #OpenSource #AI #DEVCommunity
#5G https://t.co/lLl3t9VJFn",1467832937768898564
41,1540428449847836678,en,2022-06-24T20:15:36.000Z,"Grade A assured in any timed paper
#Essay due today
#Pay write
#javascript
#Philosophy 
#Chemistry
#Biology
#Python
#Essayhelp
#Essay
#Essaypay
#100DaysOfCode
#WomenWhoCode
#Java
Mathlab
dm 
@onlinewriter7 ....",1328799361975857155
42,1540428389055893504,en,2022-06-24T20:15:22.000Z,"Grade A assured in any timed paper
#Essay due today
#Pay write
#javascript
#Philosophy 
#Chemistry
#Biology
#Python
#Essayhelp
#Essay
#Essaypay
#100DaysOfCode
#WomenWhoCode
#Java
Mathlab
dm 
@onlinewriter7",1328799361975857155
43,1540428169248854016,en,2022-06-24T20:14:29.000Z,"Day 172 of #365DaysOfCode 

This is a bank account balance script as I practice OOPüêç

#womenwhocode #DataScience #Python #100daysofcodechallenge #100DaysOfCode #SQL https://t.co/f6K18395Nl",1414428806278877188
44,1540428161179082753,en,2022-06-24T20:14:28.000Z,"Grade A assured in any timed paper
#Essay due today
#Pay write
#javascript
#Philosophy 
#Chemistry
#Biology
#Python
#Essayhelp
#Essay
#Essaypay
#100DaysOfCode
#WomenWhoCode
#Java
Mathlab
dm 
@tutor720",1324419772893810693
45,1540428092778418179,qme,2022-06-24T20:14:11.000Z,#Python #NodeJS #javascripttflx  #Cybersecurity #SEO  #medeepakjain #learnwithdeepak #javascript  #macOS #100DaysOfCode @PhishFindR #WordPress #webdev https://t.co/kn2KCUztN0,1199332435701485569
46,1540427844626653184,en,2022-06-24T20:13:12.000Z,"Hey guys, another challenge coming up soon, stay tuned for it! #100DaysOfCode  python #javascriptüí™üí™",1535603052031397890
47,1540427639214727170,en,2022-06-24T20:12:23.000Z,"Grade A assured in any timed paper
#Essay due today
#Pay write
#javascript
#Online class take
#Philosophy 
#Chemistry
#Biology
#Python
#Nursing
#psychology
#Essayhelp
#Essay
#Essaypay
#100DaysOfCode
#WomenWhoCode
#Java
Mathlab
dm 
@Essay_writers12
 
WhatsApp +1 (256) 649-9989",1363039027071434755
48,1540427606599708672,en,2022-06-24T20:12:15.000Z,"Buy Facebook Page Followers
https://t.co/DWZVc8u2uN
#buyfacebookpagefollowers #buyfacebookfollowers #FraudDetection #Financial #ArtificialIntelligence #MachineLearning #NLP #AI
#100DaysofCode #serverless #iot #womenwhocode #Python #BigData #Analytics #DataScience
#DeepLearning https://t.co/4TGQlu6VqT",1467832937768898564
49,1540427569715204096,en,2022-06-24T20:12:07.000Z,"Grade A assured in any timed paper
#Essay due today
#Pay write
#javascript
#Philosophy 
#Chemistry
#Biology
#Python
#Essayhelp
#Essay
#Essaypay
#100DaysOfCode
#WomenWhoCode
#Java
Mathlab
dm 
@Essay_writers12
 
WhatsApp +1 (256) 649-9989",1363039027071434755
50,1540427435711369217,en,2022-06-24T20:11:35.000Z,"Kindly DM the experts for your:
#Paper pay 
#Case study
python
#homework
Onlineclass
#Essaypay
#100DaysOfCode
#Econometrics
Math
#essaywrite
Essay help
#Case study
#javascript
#WomenWhoCode 
Assignment due
#DEVCommunity 
#NodeJS 
dm 
@Essay_writers12
 
WhatsApp +1 (256) 649-9989",1363039027071434755
51,1540427287006519298,en,2022-06-24T20:10:59.000Z,"Kindly DM the experts for your:
#Paper pay 
#Case study
python
#homework
Onlineclass
#Essaypay
#100DaysOfCode
#Econometrics
Math
#Philosophy
#WomenWhoCode 
Assignment due
#DEVCommunity 
#NodeJS
DM 
@Essay_writers12
 
WhatsApp +1 (256) 649-9989",1363039027071434755
52,1540427160149786626,en,2022-06-24T20:10:29.000Z,"Pay us to do or write your 
#Excel
#Assignments 
#calculus 
#homework
#Paper pay
#Homeworkhelp 
#Onlineclass 
#essayhelp 
#essaypay 
#Essay
#Javascript
#Python
#Programming
#CodeNewbies 
#100DaysOfCode 
dm 
@Essay_Write25

WhatsApp +1 (256) 649-9989",1363039027071434755
53,1540427114817765377,en,2022-06-24T20:10:18.000Z,"""Note that this journey is uniquely yours, no one elses. So the path has to be your own.""- Jon Kabat-Zinn #softwareengineer #javascript #python #C++ #golang #nodejs #reactjs #stockopertor #highgrowthstocks $SPX $QQQ $RUT $VIX #canslim #100DaysOfCode",1243665419501744133
54,1540427102524162055,en,2022-06-24T20:10:15.000Z,"We deliver unique work:
DM for value-based services  
 #Case study 
 #100DaysOfCode 
 #python 
 #Math
 #Math 
 #essaywrite
 #Case study 
 #homework
 #Econometrics 
 #Econometrics 
 #Essay help 
 #Paper pay 
dm 
@Essay_Write25

WhatsApp +1 (256) 649-9989",1363039027071434755
55,1540426936496840710,en,2022-06-24T20:09:36.000Z,"Get reliable &amp; affordable services
#fullcourse
Calculus
English 
Essay help
Thesis
Math
#Paper pay 
Case study
#python
#homework
#Onlineclass
#Essaypay
#100DaysOfCode  
literature review
WhatsApp +1 (256) 649-9989
dm 
@Essay_writers12",1363039027071434755
56,1540426774672117760,en,2022-06-24T20:08:57.000Z,"Buy Naver Accounts
https://t.co/yLaaKYCLyH
#buynaveraccounts #naveraccounts #MachineLearning #DataScience #5G #100DaysOfCode #Python
#Cybersecurity #BigData #AI #IoT #DeepLearning #ArtificialIntelligence #NLP #robots
#Industry40 #tech #DEVCommunity #javascript30 https://t.co/RU3Udron7Q",1467832937768898564
57,1540426367904489475,en,2022-06-24T20:07:20.000Z,"Day 65 of #100DaysOfCode 

Revisited @GeezerCodes lesson on time complexity in algorithms on constant and quadratic time.

Also yesterday's @lux_academy class on handling interview questions on algorithms.

Hope to meet y'all tomorrow at #DSEAfricaMeetUp

#beginner
#Python",1493145958632284161
58,1540426365786275841,en,2022-06-24T20:07:19.000Z,"We 
 #ESSAYS 
 #HW 
 #MATHS
 #ACCOUNTS
 #FINANCE
 #STATS
 #WRITING 
 #RESEARCH
 #NURSING
 #serverless
 #PSYCHOLOGY
 #CHEM
 #PHYSICS
 #BIOLOGY
 #APA_MLA
 #PYTHON
 #Curtaday
 #BTS
 #100DaysofCode 
#javascript 
  DM 
@Essay_writers12

WhatsApp +1 (256) 649-9989",1363039027071434755
59,1540426051020804096,en,2022-06-24T20:06:04.000Z,"The best books to learn #Python3 

1 - https://t.co/h3cHGjXjP8
2 - https://t.co/uLsMSZwAva
3 - https://t.co/GzWidF3a07
4 - https://t.co/cF1pPU8S31

#Python #100DaysOfCode #CodeNewbies #WomenWhoCode #code #DevOps #Coding #Robotics #DeepLearning #DataScience #ML #AI #programming https://t.co/vJiESeuuMb",3068484222
60,1540426030808285184,en,2022-06-24T20:06:00.000Z,"Good grades is what I offer

BOOKING ONGOING FOR SUMMER CLASSES!

Let me handle your
#Precalculus
#Math
Algebra
#Calculus
#Science
#Biology
#Chemistry
#Psychology
#History
#Anatomy .
#100DaysOfCode
#Essay
#javascript
#Python
#programming
#Statistics
@meb_mebrawriter",751393564509298689
61,1540425744144207873,en,2022-06-24T20:04:51.000Z,"Buy Tripadvisor Reviews
https://t.co/XYyM3sMdLY
#buytripadvisorreviews #tripadvisorreviews #writerslift #WritersCommunity #readingcommunity
#readingforpleasure #author #KindleUnlimited #TwitchDoBetter #100DaysOfCode
#javascript #webdevelopment #html #CSS3 #WomenWhoCode #Python #D https://t.co/CUF9eJc9Ov",1467832937768898564
62,1540425449284714498,en,2022-06-24T20:03:41.000Z,No. 2485 programming meme #programmingjoke #code #coding #javascript #python #datascience #programming #programmer #joke #100daysofcode #webdev #webdevelopment #php #java #linux #css #programmingmemes #codinglife #codingpics #programmingjokes https://t.co/gOLCucV3vg #configurow‚Ä¶,227530614
63,1540424723724701696,en,2022-06-24T20:00:48.000Z,"What is the best way to find the highest value in a Python list?

See my post at https://t.co/VEn6n0MIoy 

Please retweet

#Python
#coding
#programming
#100DaysOfCode",4708429871
64,1540424615222198273,en,2022-06-24T20:00:22.000Z,"Into The #Metaverse: Use Cases For #Directors 
https://t.co/y9FFb0DC7b
#MachineLearning #Python #IoT #flutter #100DaysOfMLCode #AI #javascript #womenwhocode #RStats #Serverless #CodeNewbie #DataScience #100DaysOfCode",369635506
65,1540424548406943748,en,2022-06-24T20:00:06.000Z,"How to get started with machine learning and AI

Know more: https://t.co/gDSfyaFhFc

#MachineLearning¬†#AI¬†#Python¬†#DataScience¬†#BigData¬†
#DeepLearning¬†#IoT¬†#NLP¬†#100DaysOfCode¬†#5G¬†#robots¬†
#tech¬†#ArtificialIntelligence¬†#cloud¬†#4IR¬†#cybersecurity https://t.co/O7F7ehEEqL",291831562
66,1540424531298369541,en,2022-06-24T20:00:02.000Z,No. 2485 programming meme #programmingjoke #code #coding #javascript #python #datascience #programming #programmer #joke #100daysofcode #webdev #webdevelopment #php #java #linux #css #programmingmemes #codinglife #codingpics #programmingjokes https://t.co/H2lJOpzGnc,1272948619822264320
67,1540424523593293824,en,2022-06-24T20:00:00.000Z,"The Complete Spring Boot Development Bootcamp

=&gt; https://t.co/lrAIHM2Hai
     
#React #Nodejs #javascript #PHP #Laravel #ASPNETCore #Angular #CSS #HTML #Python #chatbot #VueJS #GraphQL #MongoDB #Django #WordPress #100DaysOfCode #udemy #coupon #free #javascript30",1230122645527711744
68,1540424523454943233,en,2022-06-24T20:00:00.000Z,"#Hiring?
Sign up now https://t.co/o7lVlsCHXv
FREE. NO MIDDLEMEN
#Job #JobSearch #AI #DataAnalytics #MachineLearning #Python #JavaScript #WomenWhoCode #Programming #Coding #100DaysofCode #DEVCommunity #gamedev #gamedevelopment #indiedev #IndieGameDev #Mobile #gamers #RHOP #BTC #HR https://t.co/59VASFBc8Q",1332714745871421443
69,1540424333356634113,en,2022-06-24T19:59:15.000Z,"Day 38/100 of Python
#100DaysOfCode
#codeHive2022 
#codingWithCudra
#Python Arbitrary arguments and Nested Functions https://t.co/YFAEn5ODkB",1111153223606456325
70,1540423131957018626,qme,2022-06-24T19:54:28.000Z,#Python #NodeJS #javascripttflx  #Cybersecurity #SEO  #medeepakjain #learnwithdeepak #javascript  #macOS #100DaysOfCode @PhishFindR #WordPress #webdev https://t.co/HacqqjHVTI,1199332435701485569
71,1540422962033065990,en,2022-06-24T19:53:48.000Z,"Ô£ø  Canceling All Competition
#Python #Roblox #IoT #ETH #Azure #PyTorch #Cython #RStats #DotNet #Web3 #Java #BTSV #ADA #CSharp #Flutter #SQL #TensorFlow #GitHub #JavaScript #ReactJS #Serverless #Linux #Security #WordPress #CSS #HTML #DevOps #AI #Node #DeFi @KIIARA #100DaysOfCode https://t.co/V5MUCYkpeh https://t.co/EpEU2pkpnq",1430636979830628359
72,1540422486868779015,tl,2022-06-24T19:51:55.000Z,"https://t.co/WZrSbPYQ1y
#javascript #GirlsWhoCode #messi Covid-19 #NFTs  #Python #java #100daysofcode #Nodejs #vasha #MUFC #MainaAndKingangi #RoyalFamily #Haaland #ManUnited #ManCity #RealMadrid #MCFC #PValley #NFL #MsMarvel #mane Hana Kuma #AndrewKibe Ruto #JK #fearwomen #p9",1536626778902515712
73,1540422454455173120,tl,2022-06-24T19:51:47.000Z,"https://t.co/WZrSbPYQ1y
#javascript #GirlsWhoCode #messi Covid-19 #NFTs  #Python #java #100daysofcode #Nodejs #vasha #MUFC #MainaAndKingangi #RoyalFamily #Haaland #ManUnited #ManCity #RealMadrid #MCFC #PValley #NFL #MsMarvel #mane Hana Kuma #AndrewKibe Ruto #JK #fearwomen #p8",1536626778902515712
74,1540422430379876354,tl,2022-06-24T19:51:41.000Z,"https://t.co/WZrSbPYQ1y
#javascript #GirlsWhoCode #messi Covid-19 #NFTs  #Python #java #100daysofcode #Nodejs #vasha #MUFC #MainaAndKingangi #RoyalFamily #Haaland #ManUnited #ManCity #RealMadrid #MCFC #PValley #NFL #MsMarvel #mane Hana Kuma #AndrewKibe Ruto #JK #fearwomen #p7",1536626778902515712
75,1540422405830615041,tl,2022-06-24T19:51:35.000Z,"https://t.co/WZrSbPYQ1y
#javascript #GirlsWhoCode #messi Covid-19 #NFTs  #Python #java #100daysofcode #Nodejs #vasha #MUFC #MainaAndKingangi #RoyalFamily #Haaland #ManUnited #ManCity #RealMadrid #MCFC #PValley #NFL #MsMarvel #mane Hana Kuma #AndrewKibe Ruto #JK #fearwomen #p6",1536626778902515712
76,1540422383575629826,tl,2022-06-24T19:51:30.000Z,"https://t.co/WZrSbPYQ1y
#javascript #GirlsWhoCode #messi Covid-19 #NFTs  #Python #java #100daysofcode #Nodejs #vasha #MUFC #MainaAndKingangi #RoyalFamily #Haaland #ManUnited #ManCity #RealMadrid #MCFC #PValley #NFL #MsMarvel #mane Hana Kuma #AndrewKibe Ruto #JK #fearwomen #p5",1536626778902515712
77,1540422367989694469,tl,2022-06-24T19:51:26.000Z,"https://t.co/WZrSbPYQ1y
#javascript #GirlsWhoCode #messi Covid-19 #NFTs  #Python #java #100daysofcode #Nodejs #vasha #MUFC #MainaAndKingangi #RoyalFamily #Haaland #ManUnited #ManCity #RealMadrid #MCFC #PValley #NFL #MsMarvel #mane Hana Kuma #AndrewKibe Ruto #JK #fearwomen #p4",1536626778902515712
78,1540422323953598465,tl,2022-06-24T19:51:16.000Z,"https://t.co/WZrSbPYQ1y
#javascript #GirlsWhoCode #messi Covid-19 #NFTs  #Python #java #100daysofcode #Nodejs #vasha #MUFC #MainaAndKingangi #RoyalFamily #Haaland #ManUnited #ManCity #RealMadrid #MCFC #PValley #NFL #MsMarvel #mane Hana Kuma #AndrewKibe Ruto #JK #fearwomen #p3",1536626778902515712
79,1540422296116019200,tl,2022-06-24T19:51:09.000Z,"https://t.co/WZrSbPYQ1y
#javascript #GirlsWhoCode #messi Covid-19 #NFTs  #Python #java #100daysofcode #Nodejs #vasha #MUFC #MainaAndKingangi #RoyalFamily #Haaland #ManUnited #ManCity #RealMadrid #MCFC #PValley #NFL #MsMarvel #mane Hana Kuma #AndrewKibe Ruto #JK #fearwomen #p2",1536626778902515712
80,1540422270216183809,tl,2022-06-24T19:51:03.000Z,"https://t.co/WZrSbPYQ1y
#javascript #GirlsWhoCode #messi Covid-19 #NFTs  #Python #java #100daysofcode #Nodejs #vasha #MUFC #MainaAndKingangi #RoyalFamily #Haaland #ManUnited #ManCity #RealMadrid #MCFC #PValley #NFL #MsMarvel #mane Hana Kuma #AndrewKibe Ruto #JK #fearwomen #p1",1536626778902515712
81,1540422091476029441,en,2022-06-24T19:50:20.000Z,"""Don¬¥t hesitate or allow yourself to make excuses. Just get out and do it.""- Christopher McCandless #softwareengineer #javascript #python #C++ #golang #nodejs #reactjs #stockopertor #highgrowthstocks $SPX $QQQ $RUT $VIX #canslim #100DaysOfCode",1243665419501744133
82,1540422004720865280,en,2022-06-24T19:50:00.000Z,"#Hiring?
Sign up now https://t.co/o7lVlsCHXv
FREE. NO MIDDLEMEN
#Job #JobSearch #AI #DataAnalytics #MachineLearning #Python #JavaScript #WomenWhoCode #Programming #Coding #100DaysofCode #DEVCommunity #gamedev #gamedevelopment #indiedev #IndieGameDev #Mobile #gamers #RHOP #BTC #HR https://t.co/qtir7ksDGh",1332714745871421443
83,1540421511697367040,en,2022-06-24T19:48:02.000Z,"#100DaysOfCode 
Day 31üéâ: Today I was very busy with a lot of other things but luckily I was able to squeeze in about an hour or 2 of code. I worked with map(), reduce() and filter() functions using the lambda operator in Python and practiced a couple of examples using these.",1509162595453915138
84,1540421488825602048,en,2022-06-24T19:47:57.000Z,"Buy Google Voice Accounts
https://t.co/bNeGXifyFb
#buygooglevoiceaccounts #googlevoiceaccounts #gv #MachineLearning #DataScience #5G #100DaysOfCode #Python #Cybersecurity
#uniquesservice1 #BigData #AI #IoT #DeepLearning #ArtificialIntelligence #NLP #robots
#Industry40 #tech #yelp https://t.co/NzVJuCsrER",1467832937768898564
85,1540421095479975936,en,2022-06-24T19:46:23.000Z,"Deep Learning

Link - https://t.co/rm8NsJlrwR

#DeepLearning #Python #100DaysOfCode #CodeNewbies #WomenWhoCode #DEVCommunity #DevOps #code #Coding #DataAnalytics #DataScience #ML #AI #ArtificialIntelligence #SoftwareEngineering #programming",3068484222
86,1540420091271172099,en,2022-06-24T19:42:24.000Z,"For quality assignment help dm
Homework
Biology
Chemistry
English
#FALLSEMESTER 
Ecology
Anatomy
#MachineLearning  #DataScience #5G #100DaysOfCode
#Python #Cybersecurity #BigData #AI #IoT #DeepLearning
#ArtificialIntelligence #NLP #robots  #javascript https://t.co/tHQxHvUdXJ",1520097689895120899
87,1540420077010518018,es,2022-06-24T19:42:20.000Z,"configuroweb: Registro y Control de Notas para Estudiantes en PHP y #MySQL

https://t.co/yf1QlEaI49

#code #coding #javascript #python #datascience #programming #programmer #100daysofcode #webdev #webdevelopment #php #java #linux #css #codinglife #codingpics #configuroweb",1376508061746143243
88,1540419923440181252,es,2022-06-24T19:41:44.000Z,"dise√±o mec√°nico https://t.co/2slYtDE6Xn

#Freelance #RobloxDev #Blockchain #NFTs #100daysofcode #Web3 #Crypto #ai #ml #datascience #python #GameDev #Marketing #gig #indiedev #vroid #Writers #Artists #artcommissions #unity3d",1435146570534580226
89,1540419752539176961,en,2022-06-24T19:41:03.000Z,"Day 73. Today I studied Python's user-defined functions and nested functions. Had to go through these courses 3 times so it sticks, Zero kidding. 
Python is after my jugular üò©üòÄ.
#100DaysOfCode #Python #DataScience #TechWoman",1084459689063133184
90,1540419561983467523,en,2022-06-24T19:40:17.000Z,"KNN - K Nearest Neighbours

#Python #pythonlearning #DataAnalytics #databases #MachineLearning #DataScience #Deeplearning #BigData #Analytics #DataScientist #Linux #Programming #Coding #100DaysofCode #Data #100daysofcodechallenge #pythonprogramming #AI #SQL #NeuralNetworks https://t.co/e6DFroQid2",280183258
91,1540419537451065344,en,2022-06-24T19:40:11.000Z,"""The most important thing in communication is to hear what isn't being said.""- Peter Drucker #softwareengineer #javascript #python #C++ #golang #nodejs #reactjs #stockopertor #highgrowthstocks $SPX $QQQ $RUT $VIX #canslim #100DaysOfCode",1243665419501744133
92,1540419488276877312,en,2022-06-24T19:40:00.000Z,"#Hiring?
Sign up now https://t.co/o7lVlsCHXv
FREE. NO MIDDLEMEN
#Job #JobSearch #AI #DataAnalytics #MachineLearning #Python #JavaScript #WomenWhoCode #Programming #Coding #100DaysofCode #DEVCommunity #gamedev #gamedevelopment #indiedev #IndieGameDev #Mobile #gamers #RHOP #BTC #HR https://t.co/M4bnwC5aD1",1332714745871421443
93,1540419355242029057,en,2022-06-24T19:39:28.000Z,"Guaranteed A's in:
#Essays
Exams
Sociology
Thesis
English
Assignment
Homework due
stats
Term paper
PHYSICS
Chemistry
Project
History 
Onlineclass
Biology
Psychology
#AI
#WomenWhoCode
#100DaysOfCode
#javascript
#coding
#Analytics
#programming #DataScience
#Python
#Serverless",1520097689895120899
94,1540418880555941888,en,2022-06-24T19:37:35.000Z,"DM @GraceyEssays for:
understand Infosec Tools
#AI #DataSecurity #dataScientist #DataAnalytics #Python #RStats #Reactjs #IIoT #MachineLearning #flutter #javascript #TensorFlow #BigData #CloudComputing #coding  #100DaysOfCode #PyTorch #R #WomenInSTEM  #fintech #CyberSecurity https://t.co/z5Nf48NNh6",1403031834963886085
95,1540418671809441792,en,2022-06-24T19:36:45.000Z,"Buy Verified Transferwise accounts
https://t.co/qSl3gCvDT4
#buyverifiedtransferwiseaccounts #buywiseaccounts #buyverifiedwiseaccounts #100Daysofcode #programming #CodeNewbie #python #DataScience #gamedev #BigData
#Coding #DataScience #MachineLearning #NeuralNetworks #OpenSource https://t.co/AXdocD1pmT",1467832937768898564
96,1540418666596024321,en,2022-06-24T19:36:44.000Z,Day-4 #100DaysOfCode  boot-camp python,1508439735034912769
97,1540418360655110145,lt,2022-06-24T19:35:31.000Z,"#Python #NodeJS #javascripttflx  #Cybersecurity #SEO  #medeepakjain #learnwithdeepak #javascript  #macOS #100DaysOfCode @PhishFindR #WordPress #webdev 
Talos Advisories.
Talos Rules 2022-06-23 
https://t.co/6kzhSm1Z9M",1199332435701485569
98,1540418031611944960,en,2022-06-24T19:34:12.000Z,"Guaranteed A+ grade in;
Project
Math
Essay due
Pay write
English
Paper pay
Case study
Quiz
Do my homework
Online classes
Python..
Philosophy 
Book review
Assignment due
#Pay someone write
#100DaysOfCode
#Javascripts 
DM 
@Essay_Write25 
WhatsApp +1 (256) 649-9989",1344580703246233601
99,1540417811587026945,en,2022-06-24T19:33:20.000Z,"Buy SoundCloud Accounts
https://t.co/qlu4u3yDMB
#buysouncloudaccounts #soundcloudaccounts #soundcloudpromotion #MachineLearning #DataScience #5G #100DaysOfCode #Python
#Cybersecurity #BigData #AI #IoT #DeepLearning #ArtificialIntelligence #NLP #robots
#Industry40 #javascript30 https://t.co/seiAvq3Cxi",1467832937768898564
